ticket,time,date,hour,symbol,dir,lot,pos_mult,entry,initial_sl,tp,exit,reason,exit_signal,risk,r,duration_min,mods,max_lock_r,bounce_sec,bounce_ob,confirm_pos,touch,confirm,close_time,stage,ob_age,strength,score,ds,fresh,cont,h1,deep,htf,risk_atr,spread_risk,peak_r,raw_peak_r,dtp_peak_r,giveback_r,bars_held,last_sl,be,trail,partial,dtp_partial,rev,addon,pnl_proxy
2,,,,,,,,,,,70943.39,SL,sl,,,,,,,,,,,2026-03-23 23:56:04,,,,,,,,,True,False,,,0.29,0.29,0.0,,,,False,0,False,False,False,False,
6,,,,,,,,,,,70741.74,SL,sl,,,,,,,,,,,2026-03-24 13:09:12,,,,,,,,,True,False,,,0.65,0.65,0.0,,,,False,0,False,False,False,False,
14,,,,,,,,,,,68627.56,SL,sl,,,,,,,,,,,2026-03-26 17:50:23,,,,,,,,,True,False,,,0.13,0.13,0.0,,,,False,0,False,False,False,False,
18,,,,,,,,,,,66170.75,SL,sl,,,,,,,,,,,2026-03-27 15:23:47,,,,,,,,,True,False,,,1.02,1.02,0.0,,,be,True,0,False,False,False,False,
20,,,,,,,,,,,65799.56,MARKET_CLOSE,market_close,,,,,,,,,,,2026-03-27 18:55:00,,,,,,,,,True,False,,,2.94,2.94,0.0,,,be,True,0,False,False,False,False,
21,,,,,,,,,,,65716.63,SL,sl,,,,,,,,,,,2026-03-27 19:01:41,,,,,,,,,True,False,,,1.07,1.07,0.0,,,be,True,0,False,False,False,False,
24,,,,,,,,,,,65907.93,SL,sl,,,,,,,,,,,2026-03-27 20:40:33,,,,,,,,,True,False,,,1.18,1.18,0.0,,,be,True,0,False,False,False,False,
26,,,,,,,,,,,66344.71,SL,sl,,,,,,,,,,,2026-03-28 12:13:16,,,,,,,,,True,False,,,0.91,0.91,0.0,,,,False,0,False,False,False,False,
28,,,,,,,,,,,66467.81,SL,sl,,,,,,,,,,,2026-03-28 12:17:28,,,,,,,,,True,False,,,0.0,0.0,0.0,,,,False,0,False,False,False,False,
29,,,,,,,,,,,66355.85,SL,sl,,,,,,,,,,,2026-03-28 12:49:18,,,,,,,,,True,False,,,1.05,1.05,0.0,,,be,True,0,False,False,False,False,
32,,,,,,,,,,,66468.97,SL,sl,,,,,,,,,,,2026-03-28 13:10:07,,,,,,,,,True,False,,,0.0,0.0,0.0,,,,False,0,False,False,False,False,
34,,,,,,,,,,,66669.57,SL,sl,,,,,,,,,,,2026-03-29 09:17:47,,,,,,,,,True,False,,,1.53,1.53,0.0,,,be,True,0,False,False,False,False,
36,,,,,,,,,,,66784.03,SL,sl,,,,,,,,,,,2026-03-29 11:06:58,,,,,,,,,True,False,,,0.0,0.0,0.0,,,,False,0,False,False,False,False,
38,,,,,,,,,,,66481.25,SL,sl,,,,,,,,,,,2026-03-29 14:26:54,,,,,,,,,True,False,,,2.09,2.09,0.0,,,be,True,0,False,False,False,False,
40,,,,,,,,,,,66515.81,SL,sl,,,,,,,,,,,2026-03-29 20:18:16,,,,,,,,,True,False,,,0.03,0.03,0.0,,,,False,0,False,False,False,False,
41,,,,,,,,,,,66556.25,SL,sl,,,,,,,,,,,2026-03-29 20:18:16,,,,,,,,,True,False,,,0.0,0.0,0.0,,,,False,0,False,False,False,False,
44,,,,,,,,,,,67439.75,SL,sl,,,,,,,,,,,2026-03-30 09:17:38,,,,,,,,,True,False,,,0.52,0.52,0.0,,,,False,0,False,False,False,False,
46,,,,,,,,,,,67799.41,MARKET_CLOSE,market_close,,,,,,,,,,,2026-03-30 11:26:56,,,,,,,,,True,False,,,7.25,7.25,7.25,,,be,True,0,False,False,False,False,
50,,,,,,,,,,,66804.06,SL,sl,,,,,,,,,,,2026-03-31 13:15:23,,,,,,,,,True,False,,,1.39,1.39,0.0,,,be,True,0,False,False,False,False,
58,,,,,,,,,,,68149.74,SL,sl,,,,,,,,,,,2026-04-01 13:07:01,,,,,,,,,True,False,,,0.6,0.6,0.0,,,,False,0,False,False,False,False,
62,,,,,,,,,,,69010.23,SL,sl,,,,,,,,,,,2026-04-01 17:03:04,,,,,,,,,True,False,,,0.59,0.59,0.0,,,,False,0,False,False,False,False,
65,,,,,,,,,,,68360.68,SL,sl,,,,,,,,,,,2026-04-01 17:34:42,,,,,,,,,True,False,,,0.14,0.14,0.0,,,,False,0,False,False,False,False,
66,,,,,,,,,,,68365.86,SL,sl,,,,,,,,,,,2026-04-01 17:34:42,,,,,,,,,True,False,,,0.14,0.14,0.0,,,,False,0,False,False,False,False,
70,,,,,,,,,,,67055.18,SL,sl,,,,,,,,,,,2026-04-03 12:02:12,,,,,,,,,True,False,,,0.0,0.0,0.0,,,,False,0,False,False,False,False,
71,,,,,,,,,,,67184.21,SL,sl,,,,,,,,,,,2026-04-03 12:30:01,,,,,,,,,True,False,,,0.49,0.49,0.0,,,,False,0,False,False,False,False,
73,,,,,,,,,,,66955.76,MARKET_CLOSE,market_close,,,,,,,,,,,2026-04-03 12:18:29,,,,,,,,,True,False,,,0.67,0.67,0.0,,,,False,0,False,False,False,False,
76,,,,,,,,,,,66804.74,MARKET_CLOSE,market_close,,,,,,,,,,,2026-04-03 18:55:01,,,,,,,,,True,False,,,0.82,0.82,0.0,,,,False,0,False,False,False,False,
77,,,,,,,,,,,66861.25,SL,sl,,,,,,,,,,,2026-04-03 22:07:59,,,,,,,,,True,False,,,1.01,1.01,0.0,,,be,True,0,False,False,False,False,
80,,,,,,,,,,,67172.14,SL,sl,,,,,,,,,,,2026-04-05 00:53:31,,,,,,,,,True,False,,,0.37,0.37,0.0,,,,False,0,False,False,False,False,
82,,,,,,,,,,,66912.39,SL,sl,,,,,,,,,,,2026-04-05 14:25:59,,,,,,,,,True,False,,,1.39,1.39,0.0,,,be,True,0,False,False,False,False,
84,,,,,,,,,,,66976.09,SL,sl,,,,,,,,,,,2026-04-05 15:16:41,,,,,,,,,True,False,,,0.62,0.62,0.0,,,,False,0,False,False,False,False,
85,,,,,,,,,,,66894.41,SL,sl,,,,,,,,,,,2026-04-05 15:08:26,,,,,,,,,True,False,,,1.11,1.11,0.0,,,be,True,0,False,False,False,False,
90,,,,,,,,,,,69439.12,MARKET_CLOSE,market_close,,,,,,,,,,,2026-04-06 14:00:43,,,,,,,,,True,False,,,1.03,1.03,0.0,,,be,True,0,False,False,False,False,
96,,,,,,,,,,,68446.32,SL,sl,,,,,,,,,,,2026-04-07 17:30:04,,,,,,,,,True,False,,,0.46,0.46,0.0,,,,False,0,False,False,False,False,
98,,,,,,,,,,,68834.44,SL,sl,,,,,,,,,,,2026-04-07 17:36:47,,,,,,,,,True,False,,,0.12,0.12,0.0,,,,False,0,False,False,False,False,
99,,,,,,,,,,,68846.9,SL,sl,,,,,,,,,,,2026-04-07 17:36:47,,,,,,,,,True,False,,,0.12,0.12,0.0,,,,False,0,False,False,False,False,
102,,,,,,,,,,,71411.46,SL,sl,,,,,,,,,,,2026-04-08 02:04:23,,,,,,,,,True,False,,,0.71,0.71,0.0,,,,False,0,False,False,False,False,
104,,,,,,,,,,,72143.41,SL,sl,,,,,,,,,,,2026-04-08 12:58:10,,,,,,,,,True,False,,,0.15,0.15,0.0,,,,False,0,False,False,False,False,
110,,,,,,,,,,,71685.05,SL,sl,,,,,,,,,,,2026-04-08 17:30:03,,,,,,,,,True,False,,,1.27,1.27,0.0,,,be,True,0,False,False,False,False,
116,,,,,,,,,,,72230.14,MARKET_CLOSE,market_close,,,,,,,,,,,2026-04-10 13:32:54,,,,,,,,,True,False,,,0.71,0.71,0.0,,,,False,0,False,False,False,False,
118,,,,,,,,,,,72115.9,SL,sl,,,,,,,,,,,2026-04-10 13:51:06,,,,,,,,,True,False,,,1.83,1.83,0.0,,,be,True,0,False,False,False,False,
120,,,,,,,,,,,72773.35,MARKET_CLOSE,market_close,,,,,,,,,,,2026-04-11 01:20:16,,,,,,,,,True,False,,,1.47,1.47,0.0,,,be,True,0,False,False,False,False,
134,,,,,,,,,,,71038.24,SL,sl,,,,,,,,,,,2026-04-12 20:08:11,,,,,,,,,True,False,,,0.17,0.17,0.0,,,,False,0,False,False,False,False,
136,,,,,,,,,,,71013.91,SL,sl,,,,,,,,,,,2026-04-13 04:45:29,,,,,,,,,True,False,,,1.63,1.63,0.0,,,be,True,0,False,False,False,False,
138,,,,,,,,,,,71001.08,SL,sl,,,,,,,,,,,2026-04-13 12:52:03,,,,,,,,,True,False,,,2.61,2.61,0.0,,,be,True,0,False,False,False,False,
142,,,,,,,,,,,71139.47,SL,sl,,,,,,,,,,,2026-04-13 12:53:56,,,,,,,,,True,False,,,0.0,0.0,0.0,,,,False,0,False,False,False,False,
148,,,,,,,,,,,74479.94,MARKET_CLOSE,market_close,,,,,,,,,,,2026-04-14 04:25:00,,,,,,,,,True,False,,,2.55,2.55,0.0,,,be,True,0,False,False,False,False,
149,,,,,,,,,,,74472.49,SL,sl,,,,,,,,,,,2026-04-14 04:48:01,,,,,,,,,True,False,,,1.04,1.04,0.0,,,be,True,0,False,False,False,False,
156,,,,,,,,,,,75348.6,SL,sl,,,,,,,,,,,2026-04-14 16:18:25,,,,,,,,,True,False,,,1.45,1.45,0.0,,,be,True,0,False,False,False,False,
158,,,,,,,,,,,75032.43,SL,sl,,,,,,,,,,,2026-04-14 16:50:41,,,,,,,,,True,False,,,0.14,0.14,0.0,,,,False,0,False,False,False,False,
159,,,,,,,,,,,74922.15,SL,sl,,,,,,,,,,,2026-04-14 16:52:58,,,,,,,,,True,False,,,0.09,0.09,0.0,,,,False,0,False,False,False,False,
164,,,,,,,,,,,74199.59,MARKET_CLOSE,market_close,,,,,,,,,,,2026-04-14 20:41:36,,,,,,,,,True,False,,,1.1,1.1,0.0,,,be,True,0,False,False,False,False,
171,,,,,,,,,,,74393.57,SL,sl,,,,,,,,,,,2026-04-15 00:03:51,,,,,,,,,True,False,,,0.38,0.38,0.0,,,,False,0,False,False,False,False,
173,,,,,,,,,,,74447.71,SL,sl,,,,,,,,,,,2026-04-15 00:04:40,,,,,,,,,True,False,,,0.53,0.53,0.0,,,,False,0,False,False,False,False,
174,,,,,,,,,,,74356.29,SL,sl,,,,,,,,,,,2026-04-15 00:01:57,,,,,,,,,True,False,,,0.0,0.0,0.0,,,,False,0,False,False,False,False,
175,,,,,,,,,,,74413.23,SL,sl,,,,,,,,,,,2026-04-15 00:03:52,,,,,,,,,True,False,,,0.22,0.22,0.0,,,,False,0,False,False,False,False,
180,,,,,,,,,,,74051.22,SL,sl,,,,,,,,,,,2026-04-15 08:33:46,,,,,,,,,True,False,,,0.02,0.02,0.0,,,,False,0,False,False,False,False,
182,,,,,,,,,,,74049.65,SL,sl,,,,,,,,,,,2026-04-15 11:11:12,,,,,,,,,True,False,,,0.0,0.0,0.0,,,,False,0,False,False,False,False,
184,,,,,,,,,,,74128.45,SL,sl,,,,,,,,,,,2026-04-15 14:38:59,,,,,,,,,True,False,,,1.53,1.53,0.0,,,be,True,0,False,False,False,False,
186,,,,,,,,,,,74742.64,SL,sl,,,,,,,,,,,2026-04-16 04:49:16,,,,,,,,,True,False,,,0.0,0.0,0.0,,,,False,0,False,False,False,False,
188,,,,,,,,,,,74747.58,SL,sl,,,,,,,,,,,2026-04-16 07:45:33,,,,,,,,,True,False,,,0.24,0.24,0.0,,,,False,0,False,False,False,False,
190,,,,,,,,,,,74519.63,SL,sl,,,,,,,,,,,2026-04-16 15:36:55,,,,,,,,,True,False,,,0.3,0.3,0.0,,,,False,0,False,False,False,False,
191,,,,,,,,,,,74658.37,SL,sl,,,,,,,,,,,2026-04-16 15:37:17,,,,,,,,,True,False,,,0.08,0.08,0.0,,,,False,0,False,False,False,False,
192,,,,,,,,,,,74773.51,SL,sl,,,,,,,,,,,2026-04-16 15:37:24,,,,,,,,,True,False,,,0.58,0.58,0.0,,,,False,0,False,False,False,False,
196,,,,,,,,,,,74111.32,SL,sl,,,,,,,,,,,2026-04-16 17:18:32,,,,,,,,,True,False,,,1.13,1.13,0.0,,,be,True,0,False,False,False,False,
197,,,,,,,,,,,74502.38,SL,sl,,,,,,,,,,,2026-04-16 18:01:03,,,,,,,,,True,False,,,0.76,0.76,0.0,,,,False,0,False,False,False,False,
199,,,,,,,,,,,74496.42,SL,sl,,,,,,,,,,,2026-04-16 18:01:03,,,,,,,,,True,False,,,0.29,0.29,0.0,,,,False,0,False,False,False,False,
200,,,,,,,,,,,74762.79,SL,sl,,,,,,,,,,,2026-04-16 18:46:23,,,,,,,,,True,False,,,0.47,0.47,0.0,,,,False,0,False,False,False,False,
204,,,,,,,,,,,74854.99,SL,sl,,,,,,,,,,,2026-04-16 21:21:10,,,,,,,,,True,False,,,0.6,0.6,0.0,,,,False,0,False,False,False,False,
205,,,,,,,,,,,74879.02,SL,sl,,,,,,,,,,,2026-04-16 21:21:10,,,,,,,,,True,False,,,0.15,0.15,0.0,,,,False,0,False,False,False,False,
208,,,,,,,,,,,74937.48,SL,sl,,,,,,,,,,,2026-04-17 06:50:51,,,,,,,,,True,False,,,0.1,0.1,0.0,,,,False,0,False,False,False,False,
210,,,,,,,,,,,76072.2,MARKET_CLOSE,market_close,,,,,,,,,,,2026-04-17 12:51:09,,,,,,,,,True,False,,,3.47,3.47,3.47,,,be,True,0,False,False,False,False,
211,,,,,,,,,,,76093.38,MARKET_CLOSE,market_close,,,,,,,,,,,2026-04-17 12:51:02,,,,,,,,,True,False,,,3.04,3.04,3.04,,,be,True,0,False,False,False,False,
214,,,,,,,,,,,77359.39,MARKET_CLOSE,market_close,,,,,,,,,,,2026-04-17 20:50:02,,,,,,,,,True,False,,,1.17,1.17,0.0,,,be,True,0,False,False,False,False,
220,,,,,,,,,,,77011.14,SL,sl,,,,,,,,,,,2026-04-18 04:21:21,,,,,,,,,True,False,,,0.07,0.07,0.0,,,,False,0,False,False,False,False,
222,,,,,,,,,,,77128.12,SL,sl,,,,,,,,,,,2026-04-18 06:05:48,,,,,,,,,True,False,,,0.6,0.6,0.0,,,,False,0,False,False,False,False,
224,,,,,,,,,,,76034.87,SL,sl,,,,,,,,,,,2026-04-18 11:06:28,,,,,,,,,True,False,,,0.0,0.0,0.0,,,,False,0,False,False,False,False,
226,,,,,,,,,,,75977.04,SL,sl,,,,,,,,,,,2026-04-18 13:36:39,,,,,,,,,True,False,,,0.48,0.48,0.0,,,,False,0,False,False,False,False,
228,,,,,,,,,,,75622.6,SL,sl,,,,,,,,,,,2026-04-18 18:19:54,,,,,,,,,True,False,,,0.49,0.49,0.0,,,,False,0,False,False,False,False,
230,,,,,,,,,,,75804.38,SL,sl,,,,,,,,,,,2026-04-18 21:45:17,,,,,,,,,True,False,,,1.88,1.88,0.0,,,be,True,0,False,False,False,False,
232,,,,,,,,,,,75637.8,SL,sl,,,,,,,,,,,2026-04-19 04:04:30,,,,,,,,,True,False,,,1.02,1.02,0.0,,,be,True,0,False,False,False,False,
234,,,,,,,,,,,75634.61,SL,sl,,,,,,,,,,,2026-04-19 04:45:38,,,,,,,,,True,False,,,1.89,1.89,0.0,,,be,True,0,False,False,False,False,
236,,,,,,,,,,,74951.62,SL,sl,,,,,,,,,,,2026-04-19 09:48:09,,,,,,,,,True,False,,,0.64,0.64,0.0,,,,False,0,False,False,False,False,
238,,,,,,,,,,,75269.11,SL,sl,,,,,,,,,,,2026-04-19 10:57:15,,,,,,,,,True,False,,,0.06,0.06,0.0,,,,False,0,False,False,False,False,
240,,,,,,,,,,,75692.78,MARKET_CLOSE,market_close,,,,,,,,,,,2026-04-19 15:38:13,,,,,,,,,True,False,,,1.01,1.01,0.0,,,be,True,0,False,False,False,False,
242,,,,,,,,,,,75742.22,SL,sl,,,,,,,,,,,2026-04-20 14:26:26,,,,,,,,,True,False,,,0.0,0.0,0.0,,,,False,0,False,False,False,False,
244,,,,,,,,,,,75787.59,SL,sl,,,,,,,,,,,2026-04-20 15:29:58,,,,,,,,,True,False,,,0.16,0.16,0.0,,,,False,0,False,False,False,False,
246,,,,,,,,,,,75688.63,SL,sl,,,,,,,,,,,2026-04-20 17:08:45,,,,,,,,,True,False,,,1.1,1.1,0.0,,,be,True,0,False,False,False,False,
247,,,,,,,,,,,75935.96,MARKET_CLOSE,market_close,,,,,,,,,,,2026-04-20 18:00:00,,,,,,,,,True,False,,,2.06,2.06,0.0,,,be,True,0,False,False,False,False,
249,,,,,,,,,,,75935.65,SL,sl,,,,,,,,,,,2026-04-20 17:49:21,,,,,,,,,True,False,,,0.31,0.31,0.0,,,,False,0,False,False,False,False,
250,,,,,,,,,,,76140.24,SL,sl,,,,,,,,,,,2026-04-20 18:01:19,,,,,,,,,True,False,,,0.8,0.8,0.0,,,,False,0,False,False,False,False,
254,,,,,,,,,,,76098.42,SL,sl,,,,,,,,,,,2026-04-21 00:47:15,,,,,,,,,True,False,,,0.51,0.51,0.0,,,,False,0,False,False,False,False,
256,,,,,,,,,,,76167.95,SL,sl,,,,,,,,,,,2026-04-21 01:05:36,,,,,,,,,True,False,,,0.0,0.0,0.0,,,,False,0,False,False,False,False,
258,,,,,,,,,,,76271.82,SL,sl,,,,,,,,,,,2026-04-21 01:30:49,,,,,,,,,True,False,,,0.72,0.72,0.0,,,,False,0,False,False,False,False,
260,,,,,,,,,,,75649.22,MARKET_CLOSE,market_close,,,,,,,,,,,2026-04-21 03:04:54,,,,,,,,,True,False,,,3.39,3.39,3.39,,,be,True,0,False,False,False,False,
264,,,,,,,,,,,75876.18,SL,sl,,,,,,,,,,,2026-04-21 05:00:57,,,,,,,,,True,False,,,0.82,0.82,0.0,,,,False,0,False,False,False,False,
265,,,,,,,,,,,75856.98,SL,sl,,,,,,,,,,,2026-04-21 04:58:45,,,,,,,,,True,False,,,0.35,0.35,0.0,,,,False,0,False,False,False,False,
268,,,,,,,,,,,76139.04,SL,sl,,,,,,,,,,,2026-04-21 14:17:02,,,,,,,,,True,False,,,1.88,1.88,0.0,,,be,True,0,False,False,False,False,
270,,,,,,,,,,,76414.71,SL,sl,,,,,,,,,,,2026-04-21 14:39:00,,,,,,,,,True,False,,,0.25,0.25,0.0,,,,False,0,False,False,False,False,
273,,,,,,,,,,,75637.67,MARKET_CLOSE,market_close,,,,,,,,,,,2026-04-21 15:04:16,,,,,,,,,True,False,,,3.12,3.12,3.12,,,be,True,0,False,False,False,False,
276,,,,,,,,,,,75783.3,SL,sl,,,,,,,,,,,2026-04-21 16:59:07,,,,,,,,,True,False,,,1.41,1.41,0.0,,,be,True,0,False,False,False,False,
278,,,,,,,,,,,78286.13,SL,sl,,,,,,,,,,,2026-04-22 11:02:45,,,,,,,,,True,False,,,0.0,0.0,0.0,,,,False,0,False,False,False,False,
280,,,,,,,,,,,78229.79,SL,sl,,,,,,,,,,,2026-04-22 11:12:39,,,,,,,,,True,False,,,1.25,1.25,0.0,,,be,True,0,False,False,False,False,
282,,,,,,,,,,,78339.8,MARKET_CLOSE,market_close,,,,,,,,,,,2026-04-22 12:04:55,,,,,,,,,True,False,,,0.51,0.51,0.0,,,,False,0,False,False,False,False,
284,,,,,,,,,,,78070.24,SL,sl,,,,,,,,,,,2026-04-23 08:19:00,,,,,,,,,True,False,,,1.28,1.28,0.0,,,be,True,0,False,False,False,False,
286,,,,,,,,,,,77766.74,SL,sl,,,,,,,,,,,2026-04-23 08:41:04,,,,,,,,,True,False,,,0.13,0.13,0.0,,,,False,0,False,False,False,False,
288,,,,,,,,,,,78045.9,MARKET_CLOSE,market_close,,,,,,,,,,,2026-04-23 15:10:00,,,,,,,,,True,False,,,2.68,2.68,0.0,,,be,True,0,False,False,False,False,
289,,,,,,,,,,,78129.88,MARKET_CLOSE,market_close,,,,,,,,,,,2026-04-23 15:15:00,,,,,,,,,True,False,,,2.91,2.91,0.0,,,be,True,0,False,False,False,False,
291,,,,,,,,,,,78425.06,MARKET_CLOSE,market_close,,,,,,,,,,,2026-04-23 15:29:33,,,,,,,,,True,False,,,4.29,4.29,4.29,,,be,True,0,False,False,False,False,
292,,,,,,,,,,,78418.94,MARKET_CLOSE,market_close,,,,,,,,,,,2026-04-23 15:29:35,,,,,,,,,True,False,,,5.0,5.0,5.0,,,be,True,0,False,False,False,False,
298,,,,,,,,,,,77317.93,SL,sl,,,,,,,,,,,2026-04-23 17:39:40,,,,,,,,,True,False,,,0.99,0.99,0.0,,,,False,0,False,False,False,False,
300,,,,,,,,,,,77798.14,MARKET_CLOSE,market_close,,,,,,,,,,,2026-04-23 19:50:00,,,,,,,,,True,False,,,0.39,0.39,0.0,,,,False,0,False,False,False,False,
302,,,,,,,,,,,77764.98,SL,sl,,,,,,,,,,,2026-04-23 20:16:02,,,,,,,,,True,False,,,1.28,1.28,0.0,,,be,True,0,False,False,False,False,
304,,,,,,,,,,,77818.36,SL,sl,,,,,,,,,,,2026-04-23 21:20:50,,,,,,,,,True,False,,,1.7,1.7,0.0,,,be,True,0,False,False,False,False,
306,,,,,,,,,,,78251.25,MARKET_CLOSE,market_close,,,,,,,,,,,2026-04-23 23:00:00,,,,,,,,,True,False,,,2.77,2.77,0.0,,,be,True,0,False,False,False,False,
307,,,,,,,,,,,78205.45,SL,sl,,,,,,,,,,,2026-04-23 22:17:34,,,,,,,,,True,False,,,0.23,0.23,0.0,,,,False,0,False,False,False,False,
310,,,,,,,,,,,78185.15,SL,sl,,,,,,,,,,,2026-04-23 23:28:11,,,,,,,,,True,False,,,1.09,1.09,0.0,,,be,True,0,False,False,False,False,
320,,,,,,,,,,,77970.52,SL,sl,,,,,,,,,,,2026-04-24 08:20:45,,,,,,,,,True,False,,,0.0,0.0,0.0,,,,False,0,False,False,False,False,
322,,,,,,,,,,,77422.47,SL,sl,,,,,,,,,,,2026-04-24 09:08:41,,,,,,,,,True,False,,,0.02,0.02,0.0,,,,False,0,False,False,False,False,
324,,,,,,,,,,,77680.18,SL,sl,,,,,,,,,,,2026-04-24 15:06:27,,,,,,,,,True,False,,,0.45,0.45,0.0,,,,False,0,False,False,False,False,
325,,,,,,,,,,,77640.11,SL,sl,,,,,,,,,,,2026-04-24 15:06:36,,,,,,,,,True,False,,,0.79,0.79,0.0,,,,False,0,False,False,False,False,
330,,,,,,,,,,,77410.58,SL,sl,,,,,,,,,,,2026-04-24 18:17:02,,,,,,,,,True,False,,,0.95,0.95,0.0,,,,False,0,False,False,False,False,
331,,,,,,,,,,,77753.91,SL,sl,,,,,,,,,,,2026-04-24 19:01:49,,,,,,,,,True,False,,,1.79,1.79,0.0,,,be,True,0,False,False,False,False,
333,,,,,,,,,,,77614.51,MARKET_CLOSE,market_close,,,,,,,,,,,2026-04-24 18:52:06,,,,,,,,,True,False,,,0.8,0.8,0.0,,,,False,0,False,False,False,False,
336,,,,,,,,,,,77363.26,SL,sl,,,,,,,,,,,2026-04-24 22:39:05,,,,,,,,,True,False,,,0.08,0.08,0.0,,,,False,0,False,False,False,False,
338,,,,,,,,,,,77607.18,SL,sl,,,,,,,,,,,2026-04-25 01:45:04,,,,,,,,,True,False,,,0.18,0.18,0.0,,,,False,0,False,False,False,False,
340,,,,,,,,,,,77526.37,MARKET_CLOSE,market_close,,,,,,,,,,,2026-04-25 05:30:01,,,,,,,,,True,False,,,2.19,2.19,0.0,,,be,True,0,False,False,False,False,
342,,,,,,,,,,,77444.23,MARKET_CLOSE,market_close,,,,,,,,,,,2026-04-25 15:57:15,,,,,,,,,True,False,,,4.66,4.66,4.66,,,be,True,0,False,False,False,False,
343,,,,,,,,,,,77435.65,MARKET_CLOSE,market_close,,,,,,,,,,,2026-04-25 15:57:07,,,,,,,,,True,False,,,5.31,5.31,5.31,,,be,True,0,False,False,False,False,
346,,,,,,,,,,,78145.42,SL,sl,,,,,,,,,,,2026-04-26 11:25:03,,,,,,,,,True,False,,,0.1,0.1,0.0,,,,False,0,False,False,False,False,
348,,,,,,,,,,,77877.34,SL,sl,,,,,,,,,,,2026-04-26 17:02:15,,,,,,,,,True,False,,,0.08,0.08,0.0,,,,False,0,False,False,False,False,
350,,,,,,,,,,,78310.55,MARKET_CLOSE,market_close,,,,,,,,,,,2026-04-26 19:10:02,,,,,,,,,True,False,,,2.71,2.71,0.0,,,be,True,0,False,False,False,False,
354,,,,,,,,,,,78910.29,SL,sl,,,,,,,,,,,2026-04-27 04:55:42,,,,,,,,,True,False,,,0.0,0.0,0.0,,,,False,0,False,False,False,False,
356,,,,,,,,,,,77955.52,SL,sl,,,,,,,,,,,2026-04-27 09:33:14,,,,,,,,,True,False,,,0.91,0.91,0.0,,,,False,0,False,False,False,False,
358,,,,,,,,,,,77939.71,SL,sl,,,,,,,,,,,2026-04-27 10:41:06,,,,,,,,,True,False,,,0.38,0.38,0.0,,,,False,0,False,False,False,False,
360,,,,,,,,,,,77893.91,SL,sl,,,,,,,,,,,2026-04-27 12:11:53,,,,,,,,,True,False,,,0.61,0.61,0.0,,,,False,0,False,False,False,False,
362,,,,,,,,,,,78067.48,MARKET_CLOSE,market_close,,,,,,,,,,,2026-04-27 14:42:41,,,,,,,,,True,False,,,3.98,3.98,3.98,,,be,True,0,False,False,False,False,
364,,,,,,,,,,,77160.69,SL,sl,,,,,,,,,,,2026-04-27 23:16:48,,,,,,,,,True,False,,,0.03,0.03,0.0,,,,False,0,False,False,False,False,
366,,,,,,,,,,,77050.21,SL,sl,,,,,,,,,,,2026-04-28 05:06:55,,,,,,,,,True,False,,,0.1,0.1,0.0,,,,False,0,False,False,False,False,
368,,,,,,,,,,,76677.62,MARKET_CLOSE,market_close,,,,,,,,,,,2026-04-28 06:46:06,,,,,,,,,True,False,,,3.2,3.2,3.2,,,be,True,0,False,False,False,False,
372,,,,,,,,,,,76613.97,MARKET_CLOSE,market_close,,,,,,,,,,,2026-04-28 09:54:13,,,,,,,,,True,False,,,3.96,3.96,3.96,,,be,True,0,False,False,False,False,
374,,,,,,,,,,,76328.27,SL,sl,,,,,,,,,,,2026-04-28 13:37:06,,,,,,,,,True,False,,,2.69,2.69,0.0,,,be,True,0,False,False,False,False,
376,,,,,,,,,,,75826.52,MARKET_CLOSE,market_close,,,,,,,,,,,2026-04-28 14:44:37,,,,,,,,,True,False,,,3.05,3.05,3.05,,,be,True,0,False,False,False,False,
378,,,,,,,,,,,76233.74,SL,sl,,,,,,,,,,,2026-04-28 19:40:11,,,,,,,,,True,False,,,1.5,1.5,0.0,,,be,True,0,False,False,False,False,
380,,,,,,,,,,,77280.38,SL,sl,,,,,,,,,,,2026-04-29 09:35:57,,,,,,,,,True,False,,,0.14,0.14,0.0,,,,False,0,False,False,False,False,
382,,,,,,,,,,,75708.03,MARKET_CLOSE,market_close,,,,,,,,,,,2026-04-30 00:24:21,,,,,,,,,True,False,,,0.51,0.51,0.0,,,,False,0,False,False,False,False,
384,,,,,,,,,,,75889.82,MARKET_CLOSE,market_close,,,,,,,,,,,2026-04-30 04:00:00,,,,,,,,,True,False,,,2.3,2.3,0.0,,,be,True,0,False,False,False,False,
385,,,,,,,,,,,75889.82,MARKET_CLOSE,market_close,,,,,,,,,,,2026-04-30 04:00:00,,,,,,,,,True,False,,,2.3,2.3,0.0,,,be,True,0,False,False,False,False,
388,,,,,,,,,,,76349.85,SL,sl,,,,,,,,,,,2026-04-30 12:24:53,,,,,,,,,True,False,,,0.4,0.4,0.0,,,,False,0,False,False,False,False,
390,,,,,,,,,,,76137.97,SL,sl,,,,,,,,,,,2026-04-30 17:15:57,,,,,,,,,True,False,,,0.35,0.35,0.0,,,,False,0,False,False,False,False,
392,,,,,,,,,,,76392.19,SL,sl,,,,,,,,,,,2026-04-30 18:16:26,,,,,,,,,True,False,,,0.52,0.52,0.0,,,,False,0,False,False,False,False,
394,,,,,,,,,,,76409.46,SL,sl,,,,,,,,,,,2026-04-30 18:49:27,,,,,,,,,True,False,,,0.16,0.16,0.0,,,,False,0,False,False,False,False,
396,,,,,,,,,,,76373.5,MARKET_CLOSE,market_close,,,,,,,,,,,2026-04-30 22:25:05,,,,,,,,,True,False,,,2.64,2.64,0.0,,,be,True,0,False,False,False,False,
397,,,,,,,,,,,76228.98,SL,sl,,,,,,,,,,,2026-04-30 21:48:25,,,,,,,,,True,False,,,0.87,0.87,0.0,,,,False,0,False,False,False,False,
398,,,,,,,,,,,76300.71,SL,sl,,,,,,,,,,,2026-04-30 22:33:34,,,,,,,,,True,False,,,1.21,1.21,0.0,,,be,True,0,False,False,False,False,
400,,,,,,,,,,,76300.71,SL,sl,,,,,,,,,,,2026-04-30 22:33:34,,,,,,,,,True,False,,,1.37,1.37,0.0,,,be,True,0,False,False,False,False,
404,,,,,,,,,,,76420.54,MARKET_CLOSE,market_close,,,,,,,,,,,2026-05-01 00:55:04,,,,,,,,,True,False,,,2.78,2.78,0.0,,,be,True,0,False,False,False,False,
406,,,,,,,,,,,77355.12,MARKET_CLOSE,market_close,,,,,,,,,,,2026-05-01 08:36:13,,,,,,,,,True,False,,,3.67,3.67,3.67,,,be,True,0,False,False,False,False,
408,,,,,,,,,,,78498.89,MARKET_CLOSE,market_close,,,,,,,,,,,2026-05-01 19:15:03,,,,,,,,,True,False,,,0.41,0.41,0.0,,,,False,0,False,False,False,False,
409,,,,,,,,,,,78357.15,MARKET_CLOSE,market_close,,,,,,,,,,,2026-05-01 19:35:01,,,,,,,,,True,False,,,0.78,0.78,0.0,,,,False,0,False,False,False,False,
414,,,,,,,,,,,78219.57,SL,sl,,,,,,,,,,,2026-05-01 22:00:00,,,,,,,,,True,False,,,0.0,0.0,0.0,,,,False,0,False,False,False,False,
415,,,,,,,,,,,78338.63,SL,sl,,,,,,,,,,,2026-05-01 22:15:43,,,,,,,,,True,False,,,0.33,0.33,0.0,,,,False,0,False,False,False,False,
418,,,,,,,,,,,78294.61,SL,sl,,,,,,,,,,,2026-05-02 00:03:19,,,,,,,,,True,False,,,0.8,0.8,0.0,,,,False,0,False,False,False,False,
419,,,,,,,,,,,78170.31,SL,sl,,,,,,,,,,,2026-05-01 23:49:00,,,,,,,,,True,False,,,0.2,0.2,0.0,,,,False,0,False,False,False,False,
421,,,,,,,,,,,78281.13,SL,sl,,,,,,,,,,,2026-05-02 00:03:10,,,,,,,,,True,False,,,0.09,0.09,0.0,,,,False,0,False,False,False,False,
424,,,,,,,,,,,78278.87,SL,sl,,,,,,,,,,,2026-05-02 00:23:58,,,,,,,,,True,False,,,0.0,0.0,0.0,,,,False,0,False,False,False,False,
426,,,,,,,,,,,78364.28,MARKET_CLOSE,market_close,,,,,,,,,,,2026-05-02 02:50:00,,,,,,,,,True,False,,,0.89,0.89,0.0,,,,False,0,False,False,False,False,
428,,,,,,,,,,,78232.29,SL,sl,,,,,,,,,,,2026-05-02 06:44:03,,,,,,,,,True,False,,,1.15,1.15,0.0,,,be,True,0,False,False,False,False,
430,,,,,,,,,,,78320.05,SL,sl,,,,,,,,,,,2026-05-02 06:51:30,,,,,,,,,True,False,,,0.0,0.0,0.0,,,,False,0,False,False,False,False,
432,,,,,,,,,,,78318.14,SL,sl,,,,,,,,,,,2026-05-02 08:32:50,,,,,,,,,True,False,,,0.95,0.95,0.0,,,,False,0,False,False,False,False,
434,,,,,,,,,,,78145.35,SL,sl,,,,,,,,,,,2026-05-02 11:40:58,,,,,,,,,True,False,,,0.0,0.0,0.0,,,,False,0,False,False,False,False,
436,,,,,,,,,,,78360.97,MARKET_CLOSE,market_close,,,,,,,,,,,2026-05-02 13:15:28,,,,,,,,,True,False,,,3.29,3.29,3.29,,,be,True,0,False,False,False,False,
437,,,,,,,,,,,78368.89,MARKET_CLOSE,market_close,,,,,,,,,,,2026-05-02 14:40:07,,,,,,,,,True,False,,,2.11,2.11,0.0,,,be,True,0,False,False,False,False,
440,,,,,,,,,,,78512.55,SL,sl,,,,,,,,,,,2026-05-03 00:15:33,,,,,,,,,True,False,,,0.13,0.13,0.0,,,,False,0,False,False,False,False,
444,,,,,,,,,,,78693.47,MARKET_CLOSE,market_close,,,,,,,,,,,2026-05-03 18:19:48,,,,,,,,,True,False,,,0.5,0.5,0.0,,,,False,0,False,False,False,False,
446,,,,,,,,,,,79760.23,SL,sl,,,,,,,,,,,2026-05-04 06:21:01,,,,,,,,,True,False,,,0.0,0.0,0.0,,,,False,0,False,False,False,False,
448,,,,,,,,,,,80786.18,SL,sl,,,,,,,,,,,2026-05-04 17:53:55,,,,,,,,,True,False,,,0.75,0.75,0.0,,,,False,0,False,False,False,False,
450,,,,,,,,,,,80311.65,MARKET_CLOSE,market_close,,,,,,,,,,,2026-05-04 18:35:00,,,,,,,,,True,False,,,1.62,1.62,0.0,,,be,True,0,False,False,False,False,
452,,,,,,,,,,,79898.05,SL,sl,,,,,,,,,,,2026-05-04 19:26:38,,,,,,,,,True,False,,,0.19,0.19,0.0,,,,False,0,False,False,False,False,
454,,,,,,,,,,,79938.7,SL,sl,,,,,,,,,,,2026-05-04 20:20:03,,,,,,,,,True,False,,,0.81,0.81,0.0,,,,False,0,False,False,False,False,
456,,,,,,,,,,,79808.58,MARKET_CLOSE,market_close,,,,,,,,,,,2026-05-04 23:40:02,,,,,,,,,True,False,,,4.23,4.23,4.23,,,be,True,0,False,False,False,False,
457,,,,,,,,,,,79868.49,MARKET_CLOSE,market_close,,,,,,,,,,,2026-05-04 23:50:46,,,,,,,,,True,False,,,3.94,3.94,3.94,,,be,True,0,False,False,False,False,
460,,,,,,,,,,,80427.44,SL,sl,,,,,,,,,,,2026-05-05 02:03:38,,,,,,,,,True,False,,,0.28,0.28,0.0,,,,False,0,False,False,False,False,
461,,,,,,,,,,,80453.39,SL,sl,,,,,,,,,,,2026-05-05 02:04:06,,,,,,,,,True,False,,,0.34,0.34,0.0,,,,False,0,False,False,False,False,
470,,,,,,,,,,,81468.69,SL,sl,,,,,,,,,,,2026-05-05 14:29:48,,,,,,,,,True,False,,,0.05,0.05,0.0,,,,False,0,False,False,False,False,
474,,,,,,,,,,,81329.05,SL,sl,,,,,,,,,,,2026-05-05 17:31:44,,,,,,,,,True,False,,,1.08,1.08,0.0,,,be,True,0,False,False,False,False,
475,,,,,,,,,,,81484.4,MARKET_CLOSE,market_close,,,,,,,,,,,2026-05-05 19:05:01,,,,,,,,,True,False,,,0.64,0.64,0.0,,,,False,0,False,False,False,False,
477,,,,,,,,,,,81441.13,MARKET_CLOSE,market_close,,,,,,,,,,,2026-05-05 18:40:02,,,,,,,,,True,False,,,1.81,1.81,0.0,,,be,True,0,False,False,False,False,
479,,,,,,,,,,,81604.25,SL,sl,,,,,,,,,,,2026-05-05 19:26:52,,,,,,,,,True,False,,,0.49,0.49,0.0,,,,False,0,False,False,False,False,
481,,,,,,,,,,,81606.27,SL,sl,,,,,,,,,,,2026-05-05 19:26:53,,,,,,,,,True,False,,,0.12,0.12,0.0,,,,False,0,False,False,False,False,
484,,,,,,,,,,,81795.3,SL,sl,,,,,,,,,,,2026-05-05 21:03:49,,,,,,,,,True,False,,,0.85,0.85,0.0,,,,False,0,False,False,False,False,
486,,,,,,,,,,,80821.29,MARKET_CLOSE,market_close,,,,,,,,,,,2026-05-06 00:49:43,,,,,,,,,True,False,,,0.52,0.52,0.0,,,,False,0,False,False,False,False,
488,,,,,,,,,,,81093.73,SL,sl,,,,,,,,,,,2026-05-06 05:36:45,,,,,,,,,True,False,,,0.39,0.39,0.0,,,,False,0,False,False,False,False,
490,,,,,,,,,,,81443.83,MARKET_CLOSE,market_close,,,,,,,,,,,2026-05-06 07:35:00,,,,,,,,,True,False,,,2.07,2.07,0.0,,,be,True,0,False,False,False,False,
492,,,,,,,,,,,81769.72,MARKET_CLOSE,market_close,,,,,,,,,,,2026-05-06 08:34:26,,,,,,,,,True,False,,,3.65,3.65,3.65,,,be,True,0,False,False,False,False,
496,,,,,,,,,,,81258.62,SL,sl,,,,,,,,,,,2026-05-06 19:08:57,,,,,,,,,True,False,,,0.24,0.24,0.0,,,,False,0,False,False,False,False,
498,,,,,,,,,,,81622.97,SL,sl,,,,,,,,,,,2026-05-06 20:04:54,,,,,,,,,True,False,,,0.11,0.11,0.0,,,,False,0,False,False,False,False,
500,,,,,,,,,,,81382.53,MARKET_CLOSE,market_close,,,,,,,,,,,2026-05-06 20:55:04,,,,,,,,,True,False,,,1.66,1.66,0.0,,,be,True,0,False,False,False,False,
503,,,,,,,,,,,81452.18,SL,sl,,,,,,,,,,,2026-05-06 21:25:56,,,,,,,,,True,False,,,1.37,1.37,0.0,,,be,True,0,False,False,False,False,
508,,,,,,,,,,,81232.65,SL,sl,,,,,,,,,,,2026-05-07 06:33:53,,,,,,,,,True,False,,,2.82,2.82,0.0,,,be,True,0,False,False,False,False,
510,,,,,,,,,,,81109.91,SL,sl,,,,,,,,,,,2026-05-07 09:03:20,,,,,,,,,True,False,,,0.41,0.41,0.0,,,,False,0,False,False,False,False,
511,,,,,,,,,,,81167.79,SL,sl,,,,,,,,,,,2026-05-07 09:00:34,,,,,,,,,True,False,,,0.22,0.22,0.0,,,,False,0,False,False,False,False,
514,,,,,,,,,,,81128.78,SL,sl,,,,,,,,,,,2026-05-07 13:21:57,,,,,,,,,True,False,,,2.47,2.47,0.0,,,be,True,0,False,False,False,False,
516,,,,,,,,,,,80630.39,SL,sl,,,,,,,,,,,2026-05-07 13:41:05,,,,,,,,,True,False,,,0.74,0.74,0.0,,,,False,0,False,False,False,False,
518,,,,,,,,,,,80487.08,SL,sl,,,,,,,,,,,2026-05-07 14:17:40,,,,,,,,,True,False,,,0.02,0.02,0.0,,,,False,0,False,False,False,False,
524,,,,,,,,,,,79819.87,SL,sl,,,,,,,,,,,2026-05-07 21:02:12,,,,,,,,,True,False,,,0.0,0.0,0.0,,,,False,0,False,False,False,False,
526,,,,,,,,,,,80464.02,MARKET_CLOSE,market_close,,,,,,,,,,,2026-05-09 03:25:01,,,,,,,,,True,False,,,3.27,3.27,3.27,,,be,True,0,False,False,False,False,
528,,,,,,,,,,,80666.35,MARKET_CLOSE,market_close,,,,,,,,,,,2026-05-09 16:20:45,,,,,,,,,True,False,,,4.78,4.78,4.78,,,be,True,0,False,False,False,False,
529,,,,,,,,,,,80659.53,MARKET_CLOSE,market_close,,,,,,,,,,,2026-05-09 16:20:48,,,,,,,,,True,False,,,4.66,4.66,4.66,,,be,True,0,False,False,False,False,
530,,,,,,,,,,,80663.93,MARKET_CLOSE,market_close,,,,,,,,,,,2026-05-09 16:20:47,,,,,,,,,True,False,,,4.62,4.62,4.62,,,be,True,0,False,False,False,False,
531,,,,,,,,,,,80663.93,MARKET_CLOSE,market_close,,,,,,,,,,,2026-05-09 16:20:47,,,,,,,,,True,False,,,3.79,3.79,3.79,,,be,True,0,False,False,False,False,
536,,,,,,,,,,,80818.42,MARKET_CLOSE,market_close,,,,,,,,,,,2026-05-09 21:05:00,,,,,,,,,True,False,,,0.92,0.92,0.0,,,,False,0,False,False,False,False,
537,,,,,,,,,,,80828.32,SL,sl,,,,,,,,,,,2026-05-09 20:13:03,,,,,,,,,True,False,,,1.07,1.07,0.0,,,be,True,0,False,False,False,False,
538,,,,,,,,,,,80908.67,SL,sl,,,,,,,,,,,2026-05-09 19:53:54,,,,,,,,,True,False,,,0.06,0.06,0.0,,,,False,0,False,False,False,False,
541,,,,,,,,,,,80726.53,SL,sl,,,,,,,,,,,2026-05-09 20:34:11,,,,,,,,,True,False,,,0.1,0.1,0.0,,,,False,0,False,False,False,False,
542,,,,,,,,,,,80720.56,SL,sl,,,,,,,,,,,2026-05-09 20:34:11,,,,,,,,,True,False,,,0.1,0.1,0.0,,,,False,0,False,False,False,False,
546,,,,,,,,,,,80849.84,SL,sl,,,,,,,,,,,2026-05-10 08:25:24,,,,,,,,,True,False,,,0.45,0.45,0.0,,,,False,0,False,False,False,False,
547,,,,,,,,,,,80849.84,SL,sl,,,,,,,,,,,2026-05-10 08:25:24,,,,,,,,,True,False,,,0.48,0.48,0.0,,,,False,0,False,False,False,False,
552,,,,,,,,,,,81802.87,SL,sl,,,,,,,,,,,2026-05-11 00:15:21,,,,,,,,,True,False,,,0.03,0.03,0.0,,,,False,0,False,False,False,False,
554,,,,,,,,,,,81277.45,SL,sl,,,,,,,,,,,2026-05-11 12:24:16,,,,,,,,,True,False,,,0.38,0.38,0.0,,,,False,0,False,False,False,False,
556,,,,,,,,,,,80843.01,SL,sl,,,,,,,,,,,2026-05-11 13:35:04,,,,,,,,,True,False,,,0.3,0.3,0.0,,,,False,0,False,False,False,False,
558,,,,,,,,,,,81390.58,SL,sl,,,,,,,,,,,2026-05-11 15:27:24,,,,,,,,,True,False,,,0.08,0.08,0.0,,,,False,0,False,False,False,False,
562,,,,,,,,,,,81538.72,SL,sl,,,,,,,,,,,2026-05-11 16:09:13,,,,,,,,,True,False,,,0.35,0.35,0.0,,,,False,0,False,False,False,False,
568,,,,,,,,,,,80789.25,SL,sl,,,,,,,,,,,2026-05-12 09:54:26,,,,,,,,,True,False,,,1.38,1.38,0.0,,,be,True,0,False,False,False,False,
569,,,,,,,,,,,80789.25,SL,sl,,,,,,,,,,,2026-05-12 09:54:26,,,,,,,,,True,False,,,1.43,1.43,0.0,,,be,True,0,False,False,False,False,
572,,,,,,,,,,,80473.9,SL,sl,,,,,,,,,,,2026-05-12 13:58:12,,,,,,,,,True,False,,,0.85,0.85,0.0,,,,False,0,False,False,False,False,
573,,,,,,,,,,,80679.77,SL,sl,,,,,,,,,,,2026-05-12 13:47:55,,,,,,,,,True,False,,,1.02,1.02,0.0,,,be,True,0,False,False,False,False,
574,,,,,,,,,,,80652.71,SL,sl,,,,,,,,,,,2026-05-12 13:47:56,,,,,,,,,True,False,,,1.3,1.3,0.0,,,be,True,0,False,False,False,False,
575,,,,,,,,,,,80641.46,SL,sl,,,,,,,,,,,2026-05-12 13:48:40,,,,,,,,,True,False,,,1.24,1.24,0.0,,,be,True,0,False,False,False,False,
579,,,,,,,,,,,80585.24,SL,sl,,,,,,,,,,,2026-05-12 14:28:57,,,,,,,,,True,False,,,1.3,1.3,0.0,,,be,True,0,False,False,False,False,
580,,,,,,,,,,,80585.24,SL,sl,,,,,,,,,,,2026-05-12 14:28:57,,,,,,,,,True,False,,,1.25,1.25,0.0,,,be,True,0,False,False,False,False,
582,,,,,,,,,,,80494.15,SL,sl,,,,,,,,,,,2026-05-12 14:31:18,,,,,,,,,True,False,,,2.13,2.13,0.0,,,be,True,0,False,False,False,False,
583,,,,,,,,,,,80577.54,SL,sl,,,,,,,,,,,2026-05-12 14:29:00,,,,,,,,,True,False,,,1.8,1.8,0.0,,,be,True,0,False,False,False,False,
587,,,,,,,,,,,80601.95,SL,sl,,,,,,,,,,,2026-05-12 14:49:21,,,,,,,,,True,False,,,1.45,1.45,0.0,,,be,True,0,False,False,False,False,
589,,,,,,,,,,,80574.94,SL,sl,,,,,,,,,,,2026-05-12 14:49:31,,,,,,,,,True,False,,,1.57,1.57,0.0,,,be,True,0,False,False,False,False,
592,,,,,,,,,,,81200.07,MARKET_CLOSE,market_close,,,,,,,,,,,2026-05-13 04:55:00,,,,,,,,,True,False,,,2.25,2.25,0.0,,,be,True,0,False,False,False,False,
594,,,,,,,,,,,81186.98,SL,sl,,,,,,,,,,,2026-05-13 08:52:02,,,,,,,,,True,False,,,0.19,0.19,0.0,,,,False,0,False,False,False,False,
596,,,,,,,,,,,81211.26,SL,sl,,,,,,,,,,,2026-05-13 09:32:20,,,,,,,,,True,False,,,0.08,0.08,0.0,,,,False,0,False,False,False,False,
598,,,,,,,,,,,80341.05,SL,sl,,,,,,,,,,,2026-05-13 12:22:20,,,,,,,,,True,False,,,0.81,0.81,0.0,,,,False,0,False,False,False,False,
600,,,,,,,,,,,79807.81,SL,sl,,,,,,,,,,,2026-05-13 13:40:11,,,,,,,,,True,False,,,0.0,0.0,0.0,,,,False,0,False,False,False,False,
602,,,,,,,,,,,79338.42,SL,sl,,,,,,,,,,,2026-05-13 17:26:40,,,,,,,,,True,False,,,0.15,0.15,0.0,,,,False,0,False,False,False,False,
603,,,,,,,,,,,79467.4,SL,sl,,,,,,,,,,,2026-05-13 17:50:07,,,,,,,,,True,False,,,0.04,0.04,0.0,,,,False,0,False,False,False,False,
605,,,,,,,,,,,79501.66,SL,sl,,,,,,,,,,,2026-05-13 17:50:32,,,,,,,,,True,False,,,0.18,0.18,0.0,,,,False,0,False,False,False,False,
608,,,,,,,,,,,79494.3,SL,sl,,,,,,,,,,,2026-05-13 19:27:39,,,,,,,,,True,False,,,0.01,0.01,0.0,,,,False,0,False,False,False,False,
610,,,,,,,,,,,79477.85,MARKET_CLOSE,market_close,,,,,,,,,,,2026-05-13 21:55:00,,,,,,,,,True,False,,,2.75,2.75,0.0,,,be,True,0,False,False,False,False,
611,,,,,,,,,,,79312.33,MARKET_CLOSE,market_close,,,,,,,,,,,2026-05-13 22:10:14,,,,,,,,,True,False,,,3.91,3.91,3.91,,,be,True,0,False,False,False,False,
614,,,,,,,,,,,79488.42,SL,sl,,,,,,,,,,,2026-05-14 02:47:12,,,,,,,,,True,False,,,1.38,1.38,0.0,,,be,True,0,False,False,False,False,
616,,,,,,,,,,,79350.44,SL,sl,,,,,,,,,,,2026-05-14 02:50:04,,,,,,,,,True,False,,,0.0,0.0,0.0,,,,False,0,False,False,False,False,
618,,,,,,,,,,,79627.83,SL,sl,,,,,,,,,,,2026-05-14 10:25:20,,,,,,,,,True,False,,,1.12,1.12,0.0,,,be,True,0,False,False,False,False,
620,,,,,,,,,,,79441.33,SL,sl,,,,,,,,,,,2026-05-14 11:15:02,,,,,,,,,True,False,,,0.02,0.02,0.0,,,,False,0,False,False,False,False,
622,,,,,,,,,,,79807.48,MARKET_CLOSE,market_close,,,,,,,,,,,2026-05-14 14:01:58,,,,,,,,,True,False,,,0.51,0.51,0.0,,,,False,0,False,False,False,False,
624,,,,,,,,,,,80781.17,SL,sl,,,,,,,,,,,2026-05-15 07:14:18,,,,,,,,,True,False,,,0.17,0.17,0.0,,,,False,0,False,False,False,False,
625,,,,,,,,,,,80801.7,SL,sl,,,,,,,,,,,2026-05-15 07:14:18,,,,,,,,,True,False,,,0.27,0.27,0.0,,,,False,0,False,False,False,False,
626,,,,,,,,,,,80811.77,SL,sl,,,,,,,,,,,2026-05-15 07:15:29,,,,,,,,,True,False,,,0.0,0.0,0.0,,,,False,0,False,False,False,False,
630,,,,,,,,,,,80661.89,SL,sl,,,,,,,,,,,2026-05-15 08:37:24,,,,,,,,,True,False,,,1.94,1.94,0.0,,,be,True,0,False,False,False,False,
631,,,,,,,,,,,80571.92,SL,sl,,,,,,,,,,,2026-05-15 08:34:02,,,,,,,,,True,False,,,1.35,1.35,0.0,,,be,True,0,False,False,False,False,
634,,,,,,,,,,,80601.78,SL,sl,,,,,,,,,,,2026-05-15 09:32:51,,,,,,,,,True,False,,,1.2,1.2,0.0,,,be,True,0,False,False,False,False,
635,,,,,,,,,,,80610.38,MARKET_CLOSE,market_close,,,,,,,,,,,2026-05-15 11:05:00,,,,,,,,,True,False,,,1.51,1.51,0.0,,,be,True,0,False,False,False,False,
637,,,,,,,,,,,80782.67,SL,sl,,,,,,,,,,,2026-05-15 10:52:02,,,,,,,,,True,False,,,0.25,0.25,0.0,,,,False,0,False,False,False,False,
640,,,,,,,,,,,79305.81,SL,sl,,,,,,,,,,,2026-05-15 16:48:06,,,,,,,,,True,False,,,1.03,1.03,0.0,,,be,True,0,False,False,False,False,
642,,,,,,,,,,,79501.44,SL,sl,,,,,,,,,,,2026-05-15 18:00:21,,,,,,,,,True,False,,,0.12,0.12,0.0,,,,False,0,False,False,False,False,
648,,,,,,,,,,,78243.41,MARKET_CLOSE,market_close,,,,,,,,,,,2026-05-16 21:40:03,,,,,,,,,True,False,,,0.74,0.74,0.0,,,,False,0,False,False,False,False,
649,,,,,,,,,,,78200.62,MARKET_CLOSE,market_close,,,,,,,,,,,2026-05-16 22:45:00,,,,,,,,,True,False,,,0.97,0.97,0.0,,,,False,0,False,False,False,False,
651,,,,,,,,,,,78256.48,MARKET_CLOSE,market_close,,,,,,,,,,,2026-05-16 21:50:03,,,,,,,,,True,False,,,0.54,0.54,0.0,,,,False,0,False,False,False,False,
654,,,,,,,,,,,78190.61,SL,sl,,,,,,,,,,,2026-05-17 09:54:45,,,,,,,,,True,False,,,0.32,0.32,0.0,,,,False,0,False,False,False,False,
655,,,,,,,,,,,78190.61,SL,sl,,,,,,,,,,,2026-05-17 09:54:45,,,,,,,,,True,False,,,0.01,0.01,0.0,,,,False,0,False,False,False,False,
658,,,,,,,,,,,78186.36,SL,sl,,,,,,,,,,,2026-05-17 13:15:16,,,,,,,,,True,False,,,0.97,0.97,0.0,,,,False,0,False,False,False,False,
659,,,,,,,,,,,78218.39,SL,sl,,,,,,,,,,,2026-05-17 13:13:47,,,,,,,,,True,False,,,0.23,0.23,0.0,,,,False,0,False,False,False,False,
662,,,,,,,,,,,78136.2,MARKET_CLOSE,market_close,,,,,,,,,,,2026-05-17 18:04:49,,,,,,,,,True,False,,,3.06,3.06,3.06,,,be,True,0,False,False,False,False,
663,,,,,,,,,,,78306.12,MARKET_CLOSE,market_close,,,,,,,,,,,2026-05-17 20:07:57,,,,,,,,,True,False,,,3.69,3.69,3.69,,,be,True,0,False,False,False,False,
664,,,,,,,,,,,78125.25,SL,sl,,,,,,,,,,,2026-05-17 18:28:37,,,,,,,,,True,False,,,1.37,1.37,0.0,,,be,True,0,False,False,False,False,
668,,,,,,,,,,,77713.86,SL,sl,,,,,,,,,,,2026-05-17 23:30:09,,,,,,,,,True,False,,,1.32,1.32,0.0,,,be,True,0,False,False,False,False,
670,,,,,,,,,,,76711.03,SL,sl,,,,,,,,,,,2026-05-18 07:21:14,,,,,,,,,True,False,,,2.03,2.03,0.0,,,be,True,0,False,False,False,False,
674,,,,,,,,,,,76250.78,SL,sl,,,,,,,,,,,2026-05-18 16:26:33,,,,,,,,,True,False,,,1.25,1.25,0.0,,,be,True,0,False,False,False,False,
675,,,,,,,,,,,76269.89,SL,sl,,,,,,,,,,,2026-05-18 16:26:22,,,,,,,,,True,False,,,1.35,1.35,0.0,,,be,True,0,False,False,False,False,
676,,,,,,,,,,,76531.91,SL,sl,,,,,,,,,,,2026-05-18 17:04:05,,,,,,,,,True,False,,,2.18,2.18,0.0,,,be,True,0,False,False,False,False,
680,,,,,,,,,,,76537.22,SL,sl,,,,,,,,,,,2026-05-18 19:01:36,,,,,,,,,True,False,,,2.14,2.14,0.0,,,be,True,0,False,False,False,False,
681,,,,,,,,,,,76531.95,SL,sl,,,,,,,,,,,2026-05-18 19:01:36,,,,,,,,,True,False,,,2.58,2.58,0.0,,,be,True,0,False,False,False,False,
684,,,,,,,,,,,76732.67,SL,sl,,,,,,,,,,,2026-05-18 19:02:49,,,,,,,,,True,False,,,0.5,0.5,0.0,,,,False,0,False,False,False,False,
685,,,,,,,,,,,76850.29,SL,sl,,,,,,,,,,,2026-05-18 19:03:35,,,,,,,,,True,False,,,0.98,0.98,0.0,,,,False,0,False,False,False,False,
688,,,,,,,,,,,77081.75,MARKET_CLOSE,market_close,,,,,,,,,,,2026-05-19 01:00:01,,,,,,,,,True,False,,,2.65,2.65,0.0,,,be,True,0,False,False,False,False,
690,,,,,,,,,,,76703.4,SL,sl,,,,,,,,,,,2026-05-19 01:26:05,,,,,,,,,True,False,,,0.0,0.0,0.0,,,,False,0,False,False,False,False,
692,,,,,,,,,,,76791.09,SL,sl,,,,,,,,,,,2026-05-19 05:30:55,,,,,,,,,True,False,,,1.95,1.95,0.0,,,be,True,0,False,False,False,False,
694,,,,,,,,,,,77173.61,SL,sl,,,,,,,,,,,2026-05-19 08:42:08,,,,,,,,,True,False,,,2.05,2.05,0.0,,,be,True,0,False,False,False,False,
696,,,,,,,,,,,76790.28,MARKET_CLOSE,market_close,,,,,,,,,,,2026-05-19 09:50:12,,,,,,,,,True,False,,,5.55,5.55,5.55,,,be,True,0,False,False,False,False,
697,,,,,,,,,,,76849.82,SL,sl,,,,,,,,,,,2026-05-19 09:16:33,,,,,,,,,True,False,,,0.09,0.09,0.0,,,,False,0,False,False,False,False,
700,,,,,,,,,,,76883.72,SL,sl,,,,,,,,,,,2026-05-19 17:03:56,,,,,,,,,True,False,,,0.69,0.69,0.0,,,,False,0,False,False,False,False,
702,,,,,,,,,,,76918.65,SL,sl,,,,,,,,,,,2026-05-20 05:09:03,,,,,,,,,True,False,,,0.93,0.93,0.0,,,,False,0,False,False,False,False,
703,,,,,,,,,,,76918.65,SL,sl,,,,,,,,,,,2026-05-20 05:09:03,,,,,,,,,True,False,,,0.0,0.0,0.0,,,,False,0,False,False,False,False,
710,,,,,,,,,,,77568.95,MARKET_CLOSE,market_close,,,,,,,,,,,2026-05-20 20:40:02,,,,,,,,,True,False,,,2.87,2.87,0.0,,,be,True,0,False,False,False,False,
711,,,,,,,,,,,77614.66,MARKET_CLOSE,market_close,,,,,,,,,,,2026-05-20 20:45:00,,,,,,,,,True,False,,,3.0,3.0,0.0,,,be,True,0,False,False,False,False,
4,2026-03-24 11:39:02,2026-03-24,11,BTCUSDm,sell,0.04,0.9,71227.23,71421.41,71119.41,71115.61,TP,tp,194.18000000000757,0.5748274796580028,14.067,0,,1,0.268,-0.825,71260.46,71241.23,2026-03-24 11:53:06,entry_engine,8,5.0,4,1.0,0,0,True,True,False,1.49,0.072,0.55,0.55,0.0,,,,False,0,False,False,False,False,4.464799999999814
8,2026-03-24 13:33:09,2026-03-24,13,BTCUSDm,sell,0.02,0.78,70737.04,71013.26,70588.6,70588.04,TP,tp,276.22000000000116,0.5394250959380181,5.55,0,,0,0.281,-0.456,70778.84,70751.04,2026-03-24 13:38:42,entry_engine,4,3.81,4,1.0,0,1,True,True,False,1.74,0.051,0.52,0.52,0.0,,,,False,0,False,False,False,False,2.98
10,2026-03-26 14:20:00,2026-03-26,14,BTCUSDm,sell,0.03,1.05,69424.58,69680.53,69318.52,69681.97,SL,sl,255.9499999999971,-1.0056260988474404,7.183,0,,0,0.255,-1.678,69456.64,69438.58,2026-03-26 14:27:11,entry_engine,23,4.09,4,1.0,0,1,False,True,False,1.32,0.055,0.16,0.16,0.0,,,,False,0,False,False,False,False,-7.7216999999999825
12,2026-03-26 14:50:14,2026-03-26,14,BTCUSDm,sell,0.03,1.05,69430.54,69695.43,69324.48,69323.99,TP,tp,264.8899999999994,0.40224244025817735,3.65,0,,14,0.251,-1.762,69462.28,69444.54,2026-03-26 14:53:53,entry_engine,29,4.09,4,1.0,0,1,False,True,False,1.28,0.053,0.39,0.39,0.0,,,,False,0,False,False,False,False,3.196499999999651
16,2026-03-27 08:05:14,2026-03-27,8,BTCUSDm,buy,0.03,0.61,68532.11,68377.53,,68371.68,SL,sl,154.58000000000175,-1.0378444818217476,11.367,0,,14,0.285,-1.628,68497.54,68518.11,2026-03-27 08:16:36,entry_engine,12,5.0,5,1.0,0,0,False,True,False,1.23,0.091,0.0,0.0,0.0,,,,False,0,False,False,False,False,-4.812900000000226
48,2026-03-30 14:00:00,2026-03-30,14,BTCUSDm,buy,0.06,2.25,67495.34,67248.19,,67244.69,SL,sl,247.14999999999418,-1.0141614404207975,29.017,0,,0,0.278,-0.985,67469.3,67481.34,2026-03-30 14:29:01,entry_engine,33,5.0,5,1.0,0,1,True,True,False,1.59,0.057,0.87,0.87,0.0,,,,False,0,False,False,False,False,-15.03899999999965
52,2026-03-31 17:38:43,2026-03-31,17,BTCUSDm,buy,0.19,19.56,67686.11,67144.29,67869.47,67870.93,TP,tp,541.820000000007,0.3411095935919494,38.417,0,,4,0.271,-0.457,67638.96,67672.11,2026-03-31 18:17:08,entry_engine,6,5.0,4,1.0,0,1,True,True,False,1.51,0.026,0.34,0.34,0.0,,,,False,0,False,False,False,False,35.115799999998565
54,2026-04-01 01:20:35,2026-04-01,1,BTCUSDm,sell,0.01,0.32,68019.07,68286.8,,67965.93,SL,be,267.7299999999959,0.1984835468569633,109.117,1,0.200014940425069,24,0.256,-0.533,68055.77,68033.07,2026-04-01 03:09:42,entry_engine,13,4.31,5,1.0,0,1,True,True,False,1.87,0.052,1.86,1.86,0.0,,,be,True,0,False,False,False,False,0.5314000000001398
56,2026-04-01 03:09:57,2026-04-01,3,BTCUSDm,sell,0.04,1.16,68032.36,68273.71,,68274.77,SL,sl,241.35000000000582,-1.0043919618810757,99.2,0,,7,0.29,-0.683,68072.06,68046.36,2026-04-01 04:49:09,entry_engine,34,4.31,5,1.0,0,1,True,True,False,1.66,0.058,0.73,0.73,0.0,,,,False,0,False,False,False,False,-9.69640000000014
59,2026-04-01 13:05:45,2026-04-01,13,BTCUSDm,buy,0.02,0.61,68230.06,67976.61,,68279.8,SL,be,253.4499999999971,0.1962517261787564,35.983,1,0.20000000000001147,45,0.275,-1.289,68178.37,68216.06,2026-04-01 13:41:44,entry_engine,6,5.0,5,1.0,0,0,False,True,False,1.32,0.055,1.68,1.68,0.0,,,be,True,0,False,False,False,False,0.9948000000001048
64,2026-04-01 17:11:13,2026-04-01,17,BTCUSDm,buy,0.25,8.45,68810.82,68550.29,68870.85,68549.35,SL,sl,260.5300000000134,-1.0036080297853902,10.15,0,,5,0.348,-0.933,68782.91,68796.82,2026-04-01 17:21:22,entry_engine,3,4.75,4,1.0,0,1,True,True,False,1.54,0.054,0.02,0.02,0.0,,,,False,0,False,False,False,False,-65.36750000000029
88,2026-04-05 22:11:01,2026-04-05,22,BTCUSDm,buy,0.01,0.37,67576.82,67368.95,,67368.78,SL,sl,207.8700000000099,-1.0008178188290675,10.267,0,,6,0.254,-0.465,67545.54,67562.82,2026-04-05 22:21:17,entry_engine,3,4.25,5,1.0,0,1,True,True,False,1.79,0.067,0.03,0.03,0.0,,,,False,0,False,False,False,False,-2.0804000000000817
92,2026-04-07 12:40:01,2026-04-07,12,BTCUSDm,sell,0.21,7.24,68384.53,68572.3,68302.84,68300.32,TP,tp,187.77000000000407,0.4484741971560421,4.683,0,,1,0.291,-1.354,68414.36,68398.53,2026-04-07 12:44:42,entry_engine,8,5.0,4,1.0,0,1,True,True,False,1.45,0.075,0.4,0.4,0.0,,,,False,0,False,False,False,False,17.68409999999829
94,2026-04-07 13:50:41,2026-04-07,13,BTCUSDm,sell,0.01,0.78,68332.75,68574.96,68251.06,68248.93,TP,tp,242.2100000000064,0.3460633334709746,6.283,0,,0,0.291,-0.403,68362.59,68346.75,2026-04-07 13:56:58,entry_engine,22,5.0,4,1.0,0,1,True,True,False,1.75,0.058,0.34,0.34,0.0,,,,False,0,False,False,False,False,0.8382000000000699
106,2026-04-08 13:45:00,2026-04-08,13,BTCUSDm,buy,0.04,4.35,71690.64,71297.48,71735.87,71735.99,TP,tp,393.1600000000035,0.11534744124530831,1.0,0,,0,0.252,-1.685,71669.05,71676.64,2026-04-08 13:46:00,entry_engine,20,3.89,4,1.0,0,1,True,True,False,1.47,0.036,0.11,0.11,0.0,,,,False,0,False,False,False,False,1.8140000000002328
108,2026-04-08 14:15:00,2026-04-08,14,BTCUSDm,buy,0.03,1.5,71521.24,71259.0,71566.47,71566.59,TP,tp,262.24000000000524,0.17293319097006699,0.217,0,,0,0.281,-7.304,71498.78,71507.24,2026-04-08 14:15:13,entry_engine,26,3.89,4,1.0,0,1,False,True,False,0.9,0.053,0.16,0.16,0.0,,,,False,0,False,False,False,False,1.360499999999738
112,2026-04-09 01:32:45,2026-04-09,1,BTCUSDm,sell,0.01,0.52,70809.14,71053.78,,71056.06,SL,sl,244.63999999999942,-1.009319816873769,54.783,0,,3,0.324,-0.359,70839.34,70823.14,2026-04-09 02:27:32,entry_engine,6,5.0,5,1.0,0,1,True,True,False,1.52,0.057,0.41,0.41,0.0,,,,False,0,False,False,False,False,-2.4691999999999825
113,2026-04-09 02:05:02,2026-04-09,2,BTCUSDm,sell,0.01,0.61,70886.45,71067.04,,71070.0,SL,sl,180.5899999999965,-1.0163907193089676,22.5,0,,2,0.287,-1.906,70914.8,70900.45,2026-04-09 02:27:32,entry_engine,13,5.0,5,1.0,0,1,True,True,False,1.27,0.078,0.39,0.39,0.0,,,,False,0,False,False,False,False,-1.8355000000000292
121,2026-04-11 00:40:46,2026-04-11,0,BTCUSDm,sell,0.01,0.49,72949.62,73086.83,,72783.0,MARKET_CLOSE,decay,137.2100000000064,1.2143429779169708,39.233,1,0.19998542380293746,46,0.257,-0.573,72976.26,72963.62,2026-04-11 01:20:00,entry_engine,9,4.76,5,1.0,0,0,True,True,False,2.35,0.102,1.78,1.78,0.0,0.56,8,be,True,0,False,False,False,False,1.6661999999999535
124,2026-04-11 01:32:26,2026-04-11,1,BTCUSDm,sell,0.06,1.16,72960.85,73067.63,,73069.62,SL,sl,106.77999999999884,-1.0186364487730915,45.717,0,,1,0.333,-0.802,72991.24,72974.85,2026-04-11 02:18:09,entry_engine,19,4.76,5,1.0,0,0,True,True,False,1.43,0.131,0.86,0.86,0.0,,,,False,0,False,False,False,False,-6.526199999999371
125,2026-04-11 02:05:05,2026-04-11,2,BTCUSDm,sell,0.02,0.71,72960.5,73102.83,,73102.86,SL,sl,142.33000000000175,-1.000210777769963,25.067,0,,5,0.35,-0.795,72991.68,72974.5,2026-04-11 02:30:09,entry_engine,26,4.76,5,1.0,0,0,True,True,False,1.78,0.098,0.08,0.08,0.0,,,,False,0,False,False,False,False,-2.8472000000000115
128,2026-04-11 02:50:30,2026-04-11,2,BTCUSDm,sell,0.05,1.01,72968.57,73092.39,,73097.32,SL,sl,123.81999999999243,-1.0398158617348399,21.7,0,,29,0.262,-0.959,72995.47,72982.57,2026-04-11 03:12:12,entry_engine,35,4.76,5,1.0,0,0,True,True,False,1.69,0.113,0.04,0.04,0.0,,,,False,0,False,False,False,False,-6.4375
130,2026-04-12 00:11:01,2026-04-12,0,BTCUSDm,sell,0.04,1.55,73065.76,73224.33,,72280.89,MARKET_CLOSE,dtp,158.57000000000698,4.949675222299053,88.633,1,0.19997477454745824,7,0.284,-0.946,73092.59,73079.76,2026-04-12 01:39:39,entry_engine,3,4.64,5,1.0,0,1,True,True,False,1.62,0.088,6.61,6.61,6.61,1.66,17,be,True,0,False,False,False,False,31.394799999999815
131,2026-04-12 01:15:00,2026-04-12,1,BTCUSDm,sell,0.04,0.82,73090.38,73193.73,,72286.81,MARKET_CLOSE,dtp,103.34999999999127,7.7752298016456205,24.667,1,0.2,0,0.256,-1.491,73115.92,73104.38,2026-04-12 01:39:40,entry_engine,16,4.64,5,1.0,0,1,True,True,False,1.37,0.135,10.38,10.38,10.38,2.61,4,be,True,0,False,False,False,False,32.14280000000028
139,2026-04-13 12:35:29,2026-04-13,12,BTCUSDm,buy,0.84,12.07,70861.3,70730.25,70975.21,70975.71,TP,tp,131.0500000000029,0.8730255627623117,16.55,0,,28,0.271,-1.14,70826.75,70847.3,2026-04-13 12:52:02,entry_engine,7,5.0,4,1.0,0,1,False,True,False,1.5,0.107,0.84,0.84,0.0,,,,False,0,False,False,False,False,96.10440000000293
144,2026-04-13 13:39:21,2026-04-13,13,BTCUSDm,buy,0.08,1.03,70861.38,70701.36,70975.29,70976.71,TP,tp,160.02000000000407,0.7207224096987802,1.033,0,,9,0.282,-1.139,70826.0,70847.38,2026-04-13 13:40:23,entry_engine,19,5.0,4,1.0,0,1,True,True,False,1.12,0.087,0.7,0.7,0.0,,,,False,0,False,False,False,False,9.22640000000014
146,2026-04-13 20:22:29,2026-04-13,20,BTCUSDm,buy,0.37,9.31,73100.21,72791.78,,74154.92,MARKET_CLOSE,dtp,308.43000000000757,3.419608987452472,115.517,1,0.20001296890700082,13,0.315,-0.682,73054.19,73086.21,2026-04-13 22:18:00,entry_engine,8,5.0,5,1.0,0,1,True,True,False,1.47,0.045,4.57,4.57,4.57,1.15,23,be,True,0,False,False,False,False,390.242699999997
152,2026-04-14 13:35:04,2026-04-14,13,BTCUSDm,sell,0.17,0.95,74764.84,74936.11,,74939.42,SL,sl,171.27000000000407,-1.019326210077641,1.983,0,,4,0.25,-1.427,74800.77,74778.84,2026-04-14 13:37:03,entry_engine,3,3.86,5,1.0,0,0,False,True,False,1.31,0.082,0.0,0.0,0.0,,,,False,0,False,False,False,False,-29.678600000000298
154,2026-04-14 15:10:01,2026-04-14,15,BTCUSDm,sell,0.13,1.64,74732.71,75139.49,,75139.57,SL,sl,406.77999999999884,-1.0001966665027822,24.967,0,,1,0.272,-1.061,74770.51,74746.71,2026-04-14 15:34:59,entry_engine,22,3.86,5,1.0,0,0,True,True,False,1.52,0.034,0.24,0.24,0.0,,,,False,0,False,False,False,False,-52.891800000000075
162,2026-04-14 19:02:47,2026-04-14,19,BTCUSDm,sell,0.15,1.89,74268.14,74606.37,,74204.16,SL,be,338.2299999999959,0.18916122165389437,242.567,1,0.20001182627204858,1,0.265,-0.406,74308.06,74282.14,2026-04-14 23:05:21,entry_engine,4,5.0,5,1.0,0,1,True,True,False,1.77,0.041,1.22,1.22,0.0,,,be,True,0,False,False,False,False,9.596999999999388
163,2026-04-14 19:42:02,2026-04-14,19,BTCUSDm,sell,0.33,4.19,74290.23,74656.49,,74217.48,SL,be,366.2600000000093,0.1986293889586582,215.717,1,0.1999945393982366,4,0.269,-0.632,74330.53,74304.23,2026-04-14 23:17:45,entry_engine,12,5.0,5,1.0,0,1,True,True,False,1.68,0.038,1.18,1.18,0.0,,,be,True,0,False,False,False,False,24.0075
165,2026-04-14 20:20:11,2026-04-14,20,BTCUSDm,sell,0.31,2.59,74338.08,74582.19,,74289.87,SL,be,244.11000000000058,0.1974929335136057,44.383,1,0.19999180697229474,7,0.307,-1.122,74382.07,74352.08,2026-04-14 21:04:34,entry_engine,20,5.0,5,1.0,0,1,True,True,False,1.49,0.057,1.13,1.13,0.0,,,be,True,0,False,False,False,False,14.945100000001984
168,2026-04-14 21:05:00,2026-04-14,21,BTCUSDm,sell,0.16,1.16,74314.91,74520.77,,74277.59,SL,be,205.86000000000058,0.1812882541533415,49.067,1,0.19999028465946828,7,0.261,-0.885,74354.45,74328.91,2026-04-14 21:54:04,entry_engine,29,5.0,5,1.0,0,1,True,True,False,1.59,0.068,1.58,1.58,0.0,,,be,True,0,False,False,False,False,5.971200000001118
216,2026-04-18 00:53:16,2026-04-18,0,BTCUSDm,sell,0.11,0.7,77203.33,77392.07,,77404.53,SL,sl,188.74000000000524,-1.066016742608835,82.383,0,,5,0.318,-0.426,77230.77,77217.33,2026-04-18 02:15:39,entry_engine,5,4.52,5,1.0,0,0,True,True,False,1.69,0.074,0.25,0.25,0.0,,,,False,0,False,False,False,False,-22.13199999999968
217,2026-04-18 01:50:02,2026-04-18,1,BTCUSDm,sell,0.03,0.21,77203.42,77365.76,77139.97,77365.92,SL,sl,162.3399999999965,-1.000985585807586,25.517,0,,0,0.26,-0.429,77228.43,77217.42,2026-04-18 02:15:33,entry_engine,17,4.52,4,1.0,0,0,True,True,False,1.94,0.086,0.23,0.23,0.0,,,,False,0,False,False,False,False,-4.875
261,2026-04-21 01:52:26,2026-04-21,1,BTCUSDm,buy,0.04,0.28,75966.5,75800.24,76039.0,75786.53,SL,sl,166.25999999999476,-1.0824612053410732,9.083,0,,10,0.358,-1.355,75935.22,75952.5,2026-04-21 02:01:31,entry_engine,12,4.41,4,1.0,0,1,True,True,False,1.34,0.084,0.0,0.0,0.0,,,,False,0,False,False,False,False,-7.1988000000000465
272,2026-04-21 14:41:05,2026-04-21,14,BTCUSDm,sell,0.23,2.59,76465.5,76758.06,,75697.5,MARKET_CLOSE,dtp,292.5599999999977,2.6251025430681096,23.333,1,0.19999316379544443,2,0.264,-0.678,76513.5,76479.5,2026-04-21 15:04:25,entry_engine,26,4.5,5,1.0,0,1,False,True,False,1.34,0.048,3.5,3.5,3.5,0.88,4,be,True,0,False,False,False,False,176.64000000000001
290,2026-04-23 13:54:50,2026-04-23,13,BTCUSDm,buy,0.43,2.59,77436.23,77220.91,,78036.43,MARKET_CLOSE,dtp,215.31999999999243,2.7874791008732034,69.817,1,0.19998142299832428,17,0.286,-0.81,77397.74,77422.23,2026-04-23 15:04:39,entry_engine,28,4.27,5,1.0,0,0,True,True,False,1.35,0.065,3.72,3.72,3.72,0.93,14,be,True,0,False,False,False,False,258.08599999999876
312,2026-04-24 01:05:36,2026-04-24,1,BTCUSDm,buy,0.08,0.31,78244.77,78052.92,,78042.31,SL,sl,191.85000000000582,-1.0553036226218413,17.683,0,,4,0.272,-0.51,78207.06,78230.77,2026-04-24 01:23:17,entry_engine,13,4.36,5,1.0,0,0,True,True,False,1.72,0.073,0.08,0.08,0.0,,,,False,0,False,False,False,False,-16.19680000000051
314,2026-04-24 02:52:43,2026-04-24,2,BTCUSDm,buy,0.07,0.35,78245.39,78012.17,78376.27,78009.88,SL,sl,233.22000000000116,-1.0098190549695292,29.917,0,,2,0.262,-0.503,78208.49,78231.39,2026-04-24 03:22:38,entry_engine,34,4.36,4,1.0,0,0,True,True,False,1.91,0.06,0.0,0.0,0.0,,,,False,0,False,False,False,False,-16.485699999999635
316,2026-04-24 05:47:55,2026-04-24,5,BTCUSDm,sell,0.12,0.52,77779.64,77983.62,,77990.78,SL,sl,203.97999999999593,-1.0351014805373253,8.2,0,,7,0.287,-0.417,77815.83,77793.64,2026-04-24 05:56:07,entry_engine,17,4.8,5,1.0,0,1,True,True,False,2.37,0.069,0.0,0.0,0.0,,,,False,0,False,False,False,False,-25.33679999999993
318,2026-04-24 06:35:00,2026-04-24,6,BTCUSDm,sell,0.18,0.47,77848.21,77969.96,77732.16,77732.14,TP,tp,121.75,0.9533470225873264,44.567,0,,0,0.255,-1.303,77881.97,77862.21,2026-04-24 07:19:34,entry_engine,27,4.8,4,1.0,0,1,True,True,False,1.37,0.115,0.93,0.93,0.0,,,,False,0,False,False,False,False,20.892600000001256
328,2026-04-24 16:20:45,2026-04-24,16,BTCUSDm,buy,0.04,0.18,77756.98,77537.06,77880.1,77882.2,TP,tp,219.91999999999825,0.5693888686795296,14.15,0,,43,0.267,-1.233,77721.07,77742.98,2026-04-24 16:34:54,entry_engine,9,5.0,4,1.0,0,0,False,True,False,1.44,0.064,0.55,0.55,0.0,,,,False,0,False,False,False,False,5.008800000000047
352,2026-04-27 00:30:08,2026-04-27,0,BTCUSDm,sell,0.1,0.47,78468.48,78688.56,78299.61,78688.78,SL,sl,220.08000000000175,-1.000999636495825,9.8,0,,4,0.26,-1.614,78511.75,78482.48,2026-04-27 00:39:56,entry_engine,14,4.84,4,1.0,0,0,True,True,False,1.19,0.064,0.19,0.19,0.0,,,,False,0,False,False,False,False,-22.030000000000292
369,2026-04-28 06:24:08,2026-04-28,6,BTCUSDm,buy,0.18,0.47,76873.72,76752.66,76957.27,76752.6,SL,sl,121.05999999999767,-1.0004956220055978,14.817,0,,19,0.26,-1.399,76845.26,76859.72,2026-04-28 06:38:57,entry_engine,5,3.25,4,1.0,0,0,True,True,False,1.37,0.116,0.54,0.54,0.0,,,,False,0,False,False,False,False,-21.801599999999162
412,2026-05-01 20:25:09,2026-05-01,20,BTCUSDm,buy,0.69,1.5,78182.76,78077.89,78252.27,78075.35,SL,sl,104.86999999999534,-1.0242204634308545,13.65,0,,7,0.304,-1.572,78154.66,78168.76,2026-05-01 20:38:48,entry_engine,35,5.0,4,1.0,0,0,False,True,False,1.33,0.133,0.09,0.09,0.0,,,,False,0,False,False,False,False,-74.11289999999236
442,2026-05-03 17:10:20,2026-05-03,17,BTCUSDm,buy,4.26,7.35,78653.72,78577.42,78712.09,78712.48,TP,tp,76.30000000000291,0.7701179554389583,1.333,0,,14,0.406,-1.543,78623.92,78639.72,2026-05-03 17:11:40,entry_engine,29,3.79,4,1.0,0,0,False,True,False,1.34,0.183,0.76,0.76,0.0,,,,False,0,False,False,False,False,250.31759999997766
464,2026-05-05 10:34:27,2026-05-05,10,BTCUSDm,sell,0.44,0.82,80807.28,80909.17,,80913.51,SL,sl,101.88999999999942,-1.0425949553439644,39.933,0,,1,0.443,-1.272,80835.32,80821.28,2026-05-05 11:14:23,entry_engine,19,4.25,5,1.0,0,1,True,True,False,1.42,0.137,0.7,0.7,0.0,,,,False,0,False,False,False,False,-46.74119999999821
465,2026-05-05 11:05:01,2026-05-05,11,BTCUSDm,sell,1.3,2.25,80821.78,80919.85,,80920.57,SL,sl,98.07000000000698,-1.007341694707873,9.367,0,,0,0.299,-1.729,80845.25,80835.78,2026-05-05 11:14:23,entry_engine,26,4.25,5,1.0,0,1,True,True,False,1.36,0.143,0.0,0.0,0.0,,,,False,0,False,False,False,False,-128.4270000000106
468,2026-05-05 14:00:07,2026-05-05,14,BTCUSDm,buy,0.2,1.21,81288.71,81010.58,81345.56,81346.09,TP,tp,278.13000000000466,0.20630640348034784,2.233,0,,1,0.433,-0.845,81258.3,81274.71,2026-05-05 14:02:21,entry_engine,13,5.0,4,1.0,0,1,True,True,False,1.56,0.05,0.19,0.19,0.0,,,,False,0,False,False,False,False,11.475999999998022
472,2026-05-05 14:38:22,2026-05-05,14,BTCUSDm,buy,0.6,4.35,81271.37,80944.36,81328.22,81329.12,TP,tp,327.00999999999476,0.17660010397235842,15.867,0,,10,0.413,-1.303,81241.72,81257.37,2026-05-05 14:54:14,entry_engine,20,5.0,4,1.0,0,1,True,True,False,1.41,0.043,0.17,0.17,0.0,,,,False,0,False,False,False,False,34.65
494,2026-05-06 14:45:13,2026-05-06,14,BTCUSDm,sell,0.29,1.72,81919.11,82208.79,81826.98,81826.5,TP,tp,289.679999999993,0.31969759734880837,2.15,0,,13,0.288,-1.381,81950.79,81933.11,2026-05-06 14:47:22,entry_engine,13,3.96,4,1.0,0,1,True,True,False,1.42,0.048,0.31,0.31,0.0,,,,False,0,False,False,False,False,26.856900000000167
502,2026-05-06 21:00:23,2026-05-06,21,BTCUSDm,buy,0.13,0.41,81452.91,81298.73,81511.08,81298.18,SL,sl,154.18000000000757,-1.0035672590478848,12.733,0,,22,0.299,-1.159,81427.32,81438.91,2026-05-06 21:13:07,entry_engine,13,4.22,4,1.0,0,1,True,True,False,1.57,0.091,0.32,0.32,0.0,,,,False,0,False,False,False,False,-20.114900000001363
506,2026-05-06 22:02:31,2026-05-06,22,BTCUSDm,buy,0.09,0.31,81477.84,81315.64,,81312.67,SL,sl,162.1999999999971,-1.018310727496925,16.583,0,,24,0.304,-0.516,81452.04,81463.84,2026-05-06 22:19:06,entry_engine,25,4.22,5,1.0,0,1,True,True,False,1.9,0.086,0.24,0.24,0.0,,,,False,0,False,False,False,False,-14.865299999999841
520,2026-05-07 19:38:53,2026-05-07,19,BTCUSDm,sell,0.04,0.16,80145.16,80328.89,,80330.46,SL,sl,183.72999999999593,-1.0085451477712242,23.833,0,,51,0.301,-1.077,80176.85,80159.16,2026-05-07 20:02:43,entry_engine,5,4.09,5,1.0,0,0,False,True,False,1.43,0.076,0.76,0.76,0.0,,,,False,0,False,False,False,False,-7.412000000000116
522,2026-05-07 20:11:06,2026-05-07,20,BTCUSDm,sell,0.14,0.41,80185.34,80324.67,80097.1,80095.11,TP,tp,139.33000000000175,0.6475992248618014,9.8,0,,63,0.261,-1.76,80214.72,80199.34,2026-05-07 20:20:54,entry_engine,12,4.09,4,1.0,0,0,False,True,False,1.22,0.1,0.63,0.63,0.0,,,,False,0,False,False,False,False,12.63219999999943
550,2026-05-10 22:12:17,2026-05-10,22,BTCUSDm,sell,0.09,0.31,81408.46,81578.15,,81374.75,SL,be,169.68999999998778,0.19865637338681613,5.8,1,0.20001178619838986,3,0.279,-0.594,81437.39,81422.46,2026-05-10 22:18:05,entry_engine,25,5.0,5,1.0,0,0,True,True,False,0.85,0.083,1.16,1.16,0.0,,,be,True,0,False,False,False,False,3.033900000000576
560,2026-05-11 15:27:24,2026-05-11,15,BTCUSDm,sell,0.08,0.33,81365.43,81559.08,81266.96,81265.9,TP,tp,193.65000000000873,0.5139684998708719,4.85,0,,9,0.466,-3.274,81393.11,81379.43,2026-05-11 15:32:15,entry_engine,25,5.0,4,1.0,0,0,False,True,False,0.96,0.072,0.5,0.5,0.0,,,,False,0,False,False,False,False,7.962399999999907
564,2026-05-11 17:09:24,2026-05-11,17,BTCUSDm,buy,1.52,8.45,81368.42,81097.24,81509.54,81511.28,TP,tp,271.179999999993,0.5268087617081063,6.667,0,,15,0.256,-0.751,81330.35,81354.42,2026-05-11 17:16:04,entry_engine,13,5.0,4,1.0,0,1,True,True,False,1.57,0.052,0.51,0.51,0.0,,,,False,0,False,False,False,False,217.14720000000088
566,2026-05-12 06:51:22,2026-05-12,6,BTCUSDm,buy,0.13,0.3,81016.45,80884.68,81091.95,80884.52,SL,sl,131.77000000000407,-1.0012142369278967,12.817,0,,1,0.313,-0.413,80986.68,81002.45,2026-05-12 07:04:11,entry_engine,32,5.0,4,1.0,0,0,True,True,False,2.02,0.106,0.23,0.23,0.0,,,,False,0,False,False,False,False,-17.150899999999094
644,2026-05-16 00:00:03,2026-05-16,0,BTCUSDm,sell,0.41,0.71,79053.16,79155.64,,79158.35,SL,sl,102.47999999999593,-1.026444184231133,7.867,0,,2,0.425,-0.304,79083.72,79067.16,2026-05-16 00:07:55,entry_engine,28,3.52,5,1.0,0,0,True,True,False,2.45,0.137,0.16,0.16,0.0,,,,False,0,False,False,False,False,-43.12790000000095
646,2026-05-16 19:03:10,2026-05-16,19,BTCUSDm,buy,0.13,0.3,78200.71,78075.3,78270.67,78272.4,TP,tp,125.41000000000349,0.5716450043855018,32.233,0,,17,0.323,-0.43,78170.26,78185.31,2026-05-16 19:35:24,entry_engine,5,4.24,4,1.0,0,0,True,True,False,2.11,0.123,0.51,0.51,0.0,,,,False,0,False,False,False,False,9.319699999998411
672,2026-05-18 13:17:50,2026-05-18,13,BTCUSDm,buy,0.18,1.17,77405.07,77050.6,77688.81,77046.18,SL,sl,354.47000000000116,-1.0124693203938635,18.383,0,,102,0.25,-0.504,77342.31,77389.67,2026-05-18 13:36:13,entry_engine,10,4.36,4,1.0,0,1,True,True,False,2.59,0.043,0.0,0.0,0.0,,,,False,0,False,False,False,False,-64.60020000000252
706,2026-05-20 16:17:29,2026-05-20,16,BTCUSDm,buy,0.02,0.14,77283.0,77028.33,77346.69,77025.87,SL,sl,254.66999999999825,-1.0096595594298756,10.933,0,,2,0.287,-0.564,77255.43,77267.6,2026-05-20 16:28:25,entry_engine,13,5.0,4,1.0,0,1,True,True,False,1.62,0.06,0.13,0.13,0.0,,,,False,0,False,False,False,False,-5.142600000000093
708,2026-05-20 16:50:01,2026-05-20,16,BTCUSDm,buy,0.04,0.18,77254.76,77055.27,77318.45,77320.58,TP,tp,199.4899999999907,0.32994135044368167,23.65,0,,1,0.307,-1.229,77226.31,77239.36,2026-05-20 17:13:40,entry_engine,20,5.0,4,1.0,0,1,True,True,False,1.53,0.077,0.29,0.29,0.0,,,,False,0,False,False,False,False,2.6328000000002794
